<?xml version="1.0" encoding="UTF-8"?>
<beans xmlns="http://www.springframework.org/schema/beans"
	xmlns:xsi="http://www.w3.org/2001/XMLSchema-instance" xmlns:context="http://www.springframework.org/schema/context"
	xmlns:util="http://www.springframework.org/schema/util" xmlns:mvc="http://www.springframework.org/schema/mvc"
	xmlns:tx="http://www.springframework.org/schema/tx"
	xsi:schemaLocation="http://www.springframework.org/schema/mvc http://www.springframework.org/schema/mvc/spring-mvc-3.2.xsd
  http://www.springframework.org/schema/beans http://www.springframework.org/schema/beans/spring-beans.xsd
  http://www.springframework.org/schema/util http://www.springframework.org/schema/util/spring-util-3.2.xsd
  http://www.springframework.org/schema/tx http://www.springframework.org/schema/tx/spring-tx-3.1.xsd
  http://www.springframework.org/schema/context http://www.springframework.org/schema/context/spring-context-3.2.xsd">

	<context:component-scan base-package="com.project.springmvc.controller"/>

	<context:property-placeholder location="classpath:database.properties" />

	<mvc:annotation-driven />

<!-- database.properties -->
	<bean id="dataSource111" class="org.springframework.jdbc.datasource.DriverManagerDataSource">
		<property name="driverClassName" value="${database.driver}" />
		<property name="url" value="${database.url}" />
		<property name="username" value="${database.user}" />
		<property name="password" value="${database.password}" />
	</bean>
	
	<!-- spr+hib integration -->
	<bean id="sessionFactory" class="org.springframework.orm.hibernate4.LocalSessionFactoryBean">
		
		<property name="dataSource" ref="dataSource111" />
		<!-- pojo -->
		<property name="annotatedClasses">
			<list>
				<value>com.project.springmvc.entity.Employee</value>
				
			</list>
		</property>
		<!-- hibernate.cfg.xml -->
		<property name="hibernateProperties">
			<props>
				 <prop key="hibernate.dialect">${hibernate.dialect}</prop>
				
				<prop key="hibernate.show_sql">true</prop>
				<prop key="hibernate.hbm2ddl.auto">update</prop>
			
			</props>
		</property>
	</bean>
	<!-- enable hibernate transactions -->
	<tx:annotation-driven/> 
	
	<bean id="transactionManager" class="org.springframework.orm.hibernate4.HibernateTransactionManager">
		<property name="sessionFactory" ref="sessionFactory" />
	</bean>
	<!-- persistence layer -->
	<bean id="persistenceExceptionTranslationPostProcessor" class="org.springframework.dao.annotation.PersistenceExceptionTranslationPostProcessor"/>
	
	<!-- setting the view layer -->
	<bean id="jspViewResolver" 	class="org.springframework.web.servlet.view.InternalResourceViewResolver">
		<property name="viewClass" 	value="org.springframework.web.servlet.view.JstlView" />
		<property name="prefix" value="/WEB-INF/views/" />
		<property name="suffix" value=".jsp" />
	</bean>
	<!-- autowiring -->
	<bean id="employeeDao1" class="com.project.springmvc.dao.impl.EmployeeDAOImpl" />
	
	<bean id="employeeService1" class="com.project.springmvc.service.impl.EmployeeServiceImpl" />

<!-- JS CSS IMAGES:STATIC RESOURCES  -->
<mvc:resources mapping="/resources/**" location="/resources/"/>

</beans>